{
  "model": {
    "type": "range_dispatch",
    "property": "custom_model_data",
    "fallback": {
      "type": "model",
      "model": "item/netherite_sword"
    },

    "entries": [
      { "threshold": 1001, "model": { "type": "model", "model": "item/soul_devourer" }},
      { "threshold": 1002,  "model": { "type": "model", "model": "item/divineaxerhitta" }},
      { "threshold": 1003,  "model": { "type": "model", "model": "item/aquantictrident" }},
      { "threshold": 1004,  "model": { "type": "model", "model": "item/abominablegreatsaber" }},
      { "threshold": 1005,  "model": { "type": "model", "model": "item/divinepunisher" }},
      { "threshold": 1006,  "model": { "type": "model", "model": "item/abominableblade" }},
      { "threshold": 1008,  "model": { "type": "model", "model": "item/demonlordsword" }},
      { "threshold": 1009,  "model": { "type": "model", "model": "item/dark_blade" }},
      { "threshold": 1010,  "model": { "type": "model", "model": "item/waxweaver" }}
    ]
  }
}